{
  "color_patch": {
    "color2_lower": [
      39,
      86,
      13
    ],
    "enemy_lower": [
      170,
      66,
      12
    ],
    "enemy_upper": [
      217,
      111,
      55
    ],
    "ball_upper": [
      126,
      242,
      241
    ],
    "color1_upper": [
      209,
      58,
      246
    ],
    "ball_lower": [
      59,
      168,
      175
    ],
    "color3_lower": [
      125,
      36,
      71
    ],
    "color3_upper": [
      211,
      91,
      135
    ],
    "color1_lower": [
      116,
      16,
      202
    ],
    "our_upper": [
      57,
      53,
      229
    ],
    "our_lower": [
      12,
      10,
      150
    ],
    "color2_upper": [
      101,
      157,
      59
    ]
  },
  "version": "whatever 1.0",
  "name": "parameter file",
  "special_point": {
    "camera_project": [
      618,
      420
    ],
    "middle": [
      613,
      340
    ],
    "field_pos": [
      [
        142,
        91
      ],
      [
        1082,
        83
      ],
      [
        1091,
        221
      ],
      [
        1144,
        222
      ],
      [
        1156,
        444
      ],
      [
        1102,
        447
      ],
      [
        1105,
        588
      ],
      [
        125,
        600
      ],
      [
        125,
        453
      ],
      [
        72,
        456
      ],
      [
        81,
        232
      ],
      [
        135,
        230
      ]
    ],
    "penalty_pos": [
      [
        185,
        217
      ],
      [
        1038,
        210
      ],
      [
        1050,
        459
      ],
      [
        212.2389307839146,
        480.4057500656373
      ]
    ]
  }
}